-- Datos de prueba - Tienda de Ropa
-- Cada tabla contiene al menos 25 registros

-- =========================================================
-- CATEGORIA (26 registros)
-- =========================================================
INSERT INTO categoria (nombre, descripcion) VALUES
  ('Camisas',         'Camisas formales, casuales y polos'),
  ('Pantalones',      'Jeans, chinos y pantalones de vestir'),
  ('Vestidos',        'Vestidos casuales y de noche'),
  ('Calzado',         'Zapatos, tenis y botas'),
  ('Accesorios',      'Cinturones, billeteras y bufandas'),
  ('Chaquetas',       'Chaquetas y chamarras de mezclilla o cuero'),
  ('Sudaderas',       'Sudaderas y hoodies de algodon'),
  ('Faldas',          'Faldas cortas, medianas y largas'),
  ('Shorts',          'Shorts y bermudas casuales y deportivos'),
  ('Ropa Interior',   'Boxers, calzones y brasieres'),
  ('Calcetines',      'Calcetines casuales y deportivos'),
  ('Trajes de Bano',  'Shorts de playa y trajes de bano'),
  ('Pijamas',         'Pijamas y ropa de dormir'),
  ('Abrigos',         'Abrigos de invierno y gabardinas'),
  ('Chalecos',        'Chalecos formales y casuales'),
  ('Camisetas',       'Camisetas basicas y estampadas'),
  ('Blusas',          'Blusas formales y casuales'),
  ('Sacos',           'Sacos, blazers y americanas'),
  ('Corbatas',        'Corbatas y pajaritas'),
  ('Sombreros',       'Sombreros y gorros de lana'),
  ('Bolsos',          'Bolsos de mano y mochilas'),
  ('Billeteras',      'Billeteras de cuero y tela'),
  ('Relojes',         'Relojes casuales y deportivos'),
  ('Bufandas',        'Bufandas tejidas y de seda'),
  ('Gorras',          'Gorras de beisbol y snapback'),
  ('Ropa Deportiva',  'Uniformes y ropa atletica');

-- =========================================================
-- PROVEEDOR (26 registros)
-- =========================================================
INSERT INTO proveedor (nombre_empresa, contacto_nombre, telefono, email, direccion, ruc_nit) VALUES
  ('Textiles del Sur, S.A.',       'Mario Chavez',       '2345-1111', 'ventas@textilesur.gt',     'Zona 4, Ciudad de Guatemala', '900111222'),
  ('Moda Internacional GT',        'Laura Pineda',       '2345-2222', 'contacto@modaintl.gt',     'Zona 10, Ciudad de Guatemala','900333444'),
  ('Zapateria La Bota',            'Raul Morales',       '2345-3333', 'raul@labota.gt',           'Zona 9, Ciudad de Guatemala', '900555666'),
  ('Distribuidora Atlantida',      'Silvia Mendez',      '2345-4444', 'ventas@atlantida.gt',      'Zona 11, Ciudad de Guatemala','900777888'),
  ('Confecciones del Centro',      'Jose Martinez',      '2345-5555', 'info@confeccentro.gt',     'Zona 1, Ciudad de Guatemala', '900999000'),
  ('Importadora Paris',            'Claudia Herrera',    '2345-6666', 'paris@importpa.gt',        'Zona 14, Ciudad de Guatemala','901112223'),
  ('Telas y Disenos, S.A.',        'Fernando Castillo',  '2345-7777', 'ventas@telasdis.gt',       'Zona 7, Ciudad de Guatemala', '901334445'),
  ('Accesorios Premium',           'Monica Perez',       '2345-8888', 'monica@acprem.gt',         'Zona 15, Ciudad de Guatemala','901556667'),
  ('Fabrica Textil La Estrella',   'Andres Gomez',       '2345-9999', 'estrella@fabtex.gt',       'Mixco, Guatemala',            '901778889'),
  ('Distribuciones Andinas',       'Beatriz Sosa',       '2346-0000', 'beatriz@andinas.gt',       'Villa Nueva, Guatemala',      '901990001'),
  ('Modas del Pacifico',           'Gerardo Lopez',      '2346-1111', 'ventas@pacifico.gt',       'Zona 2, Ciudad de Guatemala', '902112223'),
  ('Textiles Maya, S.A.',          'Paola Velasquez',    '2346-2222', 'paola@texmaya.gt',         'Antigua Guatemala',           '902334445'),
  ('Zapatos y Mas',                'Hector Ruiz',        '2346-3333', 'hector@zymas.gt',          'Zona 12, Ciudad de Guatemala','902556667'),
  ('Calzado Fino, S.A.',           'Irene Navas',        '2346-4444', 'irene@calfino.gt',         'Zona 13, Ciudad de Guatemala','902778889'),
  ('Distribuidora Central',        'Rodrigo Paz',        '2346-5555', 'rodrigo@distcentral.gt',   'Zona 6, Ciudad de Guatemala', '902990001'),
  ('Importadora Orion',            'Vanessa Diaz',       '2346-6666', 'vanessa@orion.gt',         'Zona 5, Ciudad de Guatemala', '903112223'),
  ('Confecciones Aurora',          'Tomas Escobar',      '2346-7777', 'aurora@confec.gt',         'Zona 16, Ciudad de Guatemala','903334445'),
  ('Textiles San Jose',            'Adriana Reyes',      '2346-8888', 'adriana@tsj.gt',           'San Jose Pinula',             '903556667'),
  ('Moda Joven GT',                'Luis Aguilar',       '2346-9999', 'luis@modajoven.gt',        'Santa Catarina Pinula',       '903778889'),
  ('Accesorios Elite',             'Gabriela Mejia',     '2347-0000', 'gaby@accelite.gt',         'Zona 8, Ciudad de Guatemala', '903990001'),
  ('Linea Casual, S.A.',           'Carlos Batres',      '2347-1111', 'carlos@lineacasual.gt',    'San Miguel Petapa',           '904112223'),
  ('Proveedora del Norte',         'Veronica Juarez',    '2347-2222', 'vero@delnorte.gt',         'Chimaltenango',               '904334445'),
  ('Textil Jade',                  'Ernesto Rivas',      '2347-3333', 'ernesto@jade.gt',          'Escuintla',                   '904556667'),
  ('Comercial Primavera',          'Ximena Soto',        '2347-4444', 'ximena@primavera.gt',      'Zona 3, Ciudad de Guatemala', '904778889'),
  ('Distribuidora Pacaya',         'Oscar Alonzo',       '2347-5555', 'oscar@pacaya.gt',          'Amatitlan',                   '904990001'),
  ('Textiles Globales, S.A.',      'Patricia Barrios',   '2347-6666', 'paty@globales.gt',         'Zona 17, Ciudad de Guatemala','905112223');

-- =========================================================
-- CLIENTE (28 registros)
-- =========================================================
INSERT INTO cliente (dni_nit, nombre, apellido, email, telefono, direccion, fecha_registro) VALUES
  ('1234567800101', 'Ana',       'Garcia',     'ana.garcia@mail.com',       '5555-0101', 'Zona 15, Guatemala',   '2026-01-10'),
  ('2345678900102', 'Carlos',    'Mendez',     'carlos.m@mail.com',         '5555-0102', 'Zona 11, Guatemala',   '2026-01-18'),
  ('3456789000103', 'Lucia',     'Rodriguez',  'lucia.r@mail.com',          '5555-0103', 'Mixco',                '2026-02-02'),
  ('4567890100104', 'Diego',     'Fuentes',    'diego.f@mail.com',          '5555-0104', 'Villa Nueva',          '2026-02-15'),
  ('5678901200105', 'Mariana',   'Lopez',      'mariana.lopez@mail.com',    '5555-0105', 'Zona 14, Guatemala',   '2026-03-01'),
  ('6789012300106', 'Javier',    'Ramos',      'javier.r@mail.com',         '5555-0106', 'Zona 10, Guatemala',   '2026-01-25'),
  ('7890123400107', 'Sara',      'Ortiz',      'sara.o@mail.com',           '5555-0107', 'Zona 12, Guatemala',   '2026-02-05'),
  ('8901234500108', 'Luis',      'Morales',    'luis.m@mail.com',           '5555-0108', 'Zona 5, Guatemala',    '2026-02-10'),
  ('9012345600109', 'Alejandra', 'Vasquez',    'ale.v@mail.com',            '5555-0109', 'Mixco',                '2026-02-12'),
  ('1234567800110', 'Miguel',    'Castillo',   'miguel.c@mail.com',         '5555-0110', 'Villa Nueva',          '2026-02-18'),
  ('1234567800111', 'Sofia',     'Gonzalez',   'sofia.g@mail.com',          '5555-0111', 'Zona 13, Guatemala',   '2026-02-20'),
  ('1234567800112', 'Pedro',     'Jimenez',    'pedro.j@mail.com',          '5555-0112', 'Zona 9, Guatemala',    '2026-02-22'),
  ('1234567800113', 'Paula',     'Reyes',      'paula.r@mail.com',          '5555-0113', 'Antigua Guatemala',    '2026-02-25'),
  ('1234567800114', 'Roberto',   'Cruz',       'roberto.c@mail.com',        '5555-0114', 'Zona 16, Guatemala',   '2026-03-01'),
  ('1234567800115', 'Gabriela',  'Herrera',    'gaby.h@mail.com',           '5555-0115', 'Zona 2, Guatemala',    '2026-03-03'),
  ('1234567800116', 'Eduardo',   'Salazar',    'eduardo.s@mail.com',        '5555-0116', 'Zona 7, Guatemala',    '2026-03-05'),
  ('1234567800117', 'Valeria',   'Pena',       'valeria.p@mail.com',        '5555-0117', 'Zona 4, Guatemala',    '2026-03-08'),
  ('1234567800118', 'Ricardo',   'Aguilar',    'ricardo.a@mail.com',        '5555-0118', 'Santa Catarina Pinula','2026-03-10'),
  ('1234567800119', 'Isabel',    'Duarte',     'isabel.d@mail.com',         '5555-0119', 'San Miguel Petapa',    '2026-03-12'),
  ('1234567800120', 'Fernando',  'Escobar',    'fernando.e@mail.com',       '5555-0120', 'Amatitlan',            '2026-03-15'),
  ('1234567800121', 'Carmen',    'Villeda',    'carmen.v@mail.com',         '5555-0121', 'San Jose Pinula',      '2026-03-18'),
  ('1234567800122', 'Andres',    'Paz',        'andres.p@mail.com',         '5555-0122', 'Chimaltenango',        '2026-03-20'),
  ('1234567800123', 'Monica',    'Soto',       'monica.s@mail.com',         '5555-0123', 'Escuintla',            '2026-03-22'),
  ('1234567800124', 'Hector',    'Barrios',    'hector.b@mail.com',         '5555-0124', 'Zona 6, Guatemala',    '2026-03-25'),
  ('1234567800125', 'Daniela',   'Cabrera',    'daniela.c@mail.com',        '5555-0125', 'Zona 3, Guatemala',    '2026-03-28'),
  ('1234567800126', 'Ivan',      'Gutierrez',  'ivan.g@mail.com',           '5555-0126', 'Zona 18, Guatemala',   '2026-04-01'),
  ('1234567800127', 'Natalia',   'Flores',     'natalia.f@mail.com',        '5555-0127', 'Mixco',                '2026-04-03'),
  ('1234567800128', 'Jorge',     'Arevalo',    'jorge.a@mail.com',          '5555-0128', 'Villa Nueva',          '2026-04-05');

-- =========================================================
-- EMPLEADO (26 registros)
-- =========================================================
INSERT INTO empleado (dni, nombre, apellido, email, telefono, puesto, salario, fecha_contratacion) VALUES
  ('9999111100101', 'Sofia',     'Alvarez',    'sofia.a@tienda.gt',    '4444-0001', 'Gerente',        8000.00, '2024-05-01'),
  ('9999222200102', 'Pedro',     'Ramirez',    'pedro.r@tienda.gt',    '4444-0002', 'Vendedor',       4500.00, '2025-01-15'),
  ('9999333300103', 'Karla',     'Hernandez',  'karla.h@tienda.gt',    '4444-0003', 'Cajera',         4000.00, '2025-06-10'),
  ('9999444400104', 'Jorge',     'Morales',    'jorge.m@tienda.gt',    '4444-0004', 'Vendedor',       4500.00, '2025-02-01'),
  ('9999555500105', 'Lidia',     'Castro',     'lidia.c@tienda.gt',    '4444-0005', 'Vendedora',      4500.00, '2025-03-10'),
  ('9999666600106', 'Raul',      'Santos',     'raul.s@tienda.gt',     '4444-0006', 'Bodeguero',      4200.00, '2025-04-05'),
  ('9999777700107', 'Patricia',  'Ortega',     'patricia.o@tienda.gt', '4444-0007', 'Cajera',         4000.00, '2025-05-12'),
  ('9999888800108', 'Marcos',    'Perez',      'marcos.p@tienda.gt',   '4444-0008', 'Vendedor',       4500.00, '2025-06-20'),
  ('9999999900109', 'Elena',     'Torres',     'elena.t@tienda.gt',    '4444-0009', 'Supervisora',    6000.00, '2024-10-01'),
  ('9999000000110', 'Victor',    'Ruiz',       'victor.r@tienda.gt',   '4444-0010', 'Bodeguero',      4200.00, '2025-07-15'),
  ('9999111100111', 'Ines',      'Marroquin',  'ines.m@tienda.gt',     '4444-0011', 'Vendedora',      4500.00, '2025-08-01'),
  ('9999222200112', 'Esteban',   'Lima',       'esteban.l@tienda.gt',  '4444-0012', 'Vendedor',       4500.00, '2025-08-15'),
  ('9999333300113', 'Carolina',  'Mejia',      'carolina.m@tienda.gt', '4444-0013', 'Cajera',         4000.00, '2025-09-01'),
  ('9999444400114', 'Francisco', 'Solis',      'francisco.s@tienda.gt','4444-0014', 'Vendedor',       4500.00, '2025-09-10'),
  ('9999555500115', 'Rosa',      'Vargas',     'rosa.v@tienda.gt',     '4444-0015', 'Contadora',      7000.00, '2024-08-01'),
  ('9999666600116', 'Arturo',    'Blanco',     'arturo.b@tienda.gt',   '4444-0016', 'Vendedor',       4500.00, '2025-10-01'),
  ('9999777700117', 'Lorena',    'Estrada',    'lorena.e@tienda.gt',   '4444-0017', 'Vendedora',      4500.00, '2025-10-15'),
  ('9999888800118', 'Julio',     'Campos',     'julio.c@tienda.gt',    '4444-0018', 'Bodeguero',      4200.00, '2025-11-01'),
  ('9999999900119', 'Beatriz',   'Galvez',     'beatriz.g@tienda.gt',  '4444-0019', 'Cajera',         4000.00, '2025-11-10'),
  ('9999000000120', 'Oscar',     'Palma',      'oscar.p@tienda.gt',    '4444-0020', 'Supervisor',     6000.00, '2024-12-01'),
  ('9999111100121', 'Yolanda',   'Rivera',     'yolanda.r@tienda.gt',  '4444-0021', 'Vendedora',      4500.00, '2025-11-25'),
  ('9999222200122', 'Adrian',    'Nunez',      'adrian.n@tienda.gt',   '4444-0022', 'Vendedor',       4500.00, '2025-12-05'),
  ('9999333300123', 'Teresa',    'Godoy',      'teresa.g@tienda.gt',   '4444-0023', 'Cajera',         4000.00, '2025-12-15'),
  ('9999444400124', 'Manuel',    'Ayala',      'manuel.a@tienda.gt',   '4444-0024', 'Bodeguero',      4200.00, '2026-01-05'),
  ('9999555500125', 'Silvia',    'Orellana',   'silvia.o@tienda.gt',   '4444-0025', 'Asistente RH',   5500.00, '2025-03-01'),
  ('9999666600126', 'Rodrigo',   'Cerna',      'rodrigo.c@tienda.gt',  '4444-0026', 'Vendedor',       4500.00, '2026-01-20');

-- =========================================================
-- PRODUCTO (30 registros)
-- =========================================================
INSERT INTO producto (id_categoria, nombre, descripcion, talla, color, marca, genero, precio_venta, precio_costo, stock_actual, stock_minimo) VALUES
  (1,  'Camisa Oxford Blanca',     'Camisa formal de algodon',         'M',  'Blanco',      'Calvin',    'M',      180.00,  90.00, 50, 10),
  (1,  'Polo Deportiva Roja',      'Polo pique manga corta',           'L',  'Rojo',        'Lacoste',   'M',      150.00,  75.00, 30,  8),
  (2,  'Jeans Slim 32',            'Jeans azul oscuro corte slim',     '32', 'Azul oscuro', 'Levi''s',   'M',      220.00, 110.00, 40, 10),
  (2,  'Chino Beige 30',           'Pantalon chino casual',            '30', 'Beige',       'Dockers',   'M',      200.00, 100.00, 25,  5),
  (3,  'Vestido Negro Casual',     'Vestido corto de noche',           'M',  'Negro',       'Zara',      'F',      350.00, 175.00, 15,  5),
  (4,  'Tenis Running Blanco',     'Tenis deportivo running',          '42', 'Blanco',      'Nike',      'UNISEX', 600.00, 320.00, 20,  5),
  (4,  'Zapato Vestir Negro',      'Zapato de vestir de cuero',        '41', 'Negro',       'Clarks',    'M',      480.00, 260.00, 12,  4),
  (5,  'Cinturon de Cuero',        'Cinturon de cuero genuino',        'M',  'Marron',      'Fossil',    'UNISEX', 150.00,  70.00, 35, 10),
  (6,  'Chaqueta Mezclilla',       'Chaqueta de mezclilla clasica',    'L',  'Azul',        'Levi''s',   'UNISEX', 420.00, 210.00, 18,  5),
  (7,  'Hoodie Gris',              'Sudadera con capucha',             'M',  'Gris',        'Adidas',    'UNISEX', 280.00, 140.00, 28,  6),
  (8,  'Falda Plisada Negra',      'Falda midi plisada',               'S',  'Negro',       'Zara',      'F',      210.00, 105.00, 22,  5),
  (9,  'Short Deportivo',          'Short deportivo de poliester',     'M',  'Negro',       'Nike',      'M',      120.00,  60.00, 40, 10),
  (10, 'Boxer Paquete 3',          'Paquete de 3 boxers algodon',      'L',  'Surtido',     'Calvin',    'M',       95.00,  40.00, 60, 15),
  (11, 'Calcetines Deportivos',    'Paquete 6 pares',                  'UN', 'Blanco',      'Nike',      'UNISEX',  75.00,  30.00, 80, 20),
  (12, 'Short de Playa',           'Short de bano con estampado',      'L',  'Azul',        'Billabong', 'M',      180.00,  90.00, 20,  5),
  (13, 'Pijama Dos Piezas',        'Pijama de franela',                'M',  'Rosa',        'Carter''s', 'F',      160.00,  80.00, 25,  5),
  (14, 'Abrigo de Lana',           'Abrigo largo de invierno',         'L',  'Cafe',        'Zara',      'F',      750.00, 380.00, 10,  3),
  (15, 'Chaleco Formal',           'Chaleco de vestir',                'M',  'Gris',        'Hugo Boss', 'M',      280.00, 140.00, 15,  5),
  (16, 'Camiseta Basica Blanca',   'Camiseta de algodon 100%',         'M',  'Blanco',      'Hanes',     'UNISEX',  55.00,  25.00, 100,25),
  (17, 'Blusa Floral',             'Blusa estampado floral',           'M',  'Multi',       'Zara',      'F',      200.00, 100.00, 25,  6),
  (18, 'Blazer Azul Marino',       'Blazer formal entallado',          'L',  'Azul Marino', 'Hugo Boss', 'M',      650.00, 325.00, 12,  4),
  (19, 'Corbata de Seda',          'Corbata elegante',                 'UN', 'Rojo',        'Pierre',    'M',      120.00,  55.00, 30,  8),
  (20, 'Sombrero Fedora',          'Sombrero estilo fedora',           'UN', 'Negro',       'Stetson',   'UNISEX', 250.00, 125.00, 15,  4),
  (21, 'Mochila Escolar',          'Mochila resistente con laptop',    'UN', 'Negro',       'Totto',     'UNISEX', 320.00, 160.00, 22,  5),
  (22, 'Billetera Cuero',          'Billetera de cuero con monedero',  'UN', 'Cafe',        'Fossil',    'M',      180.00,  85.00, 28,  8),
  (23, 'Reloj Deportivo',          'Reloj resistente al agua',         'UN', 'Negro',       'Casio',     'UNISEX', 450.00, 220.00, 18,  5),
  (24, 'Bufanda Tejida',           'Bufanda de lana tejida',           'UN', 'Beige',       'Zara',      'UNISEX', 110.00,  55.00, 30, 10),
  (25, 'Gorra Snapback',           'Gorra ajustable',                  'UN', 'Azul',        'New Era',   'UNISEX', 150.00,  70.00, 40, 10),
  (26, 'Conjunto Deportivo',       'Conjunto deportivo top y short',   'M',  'Negro',       'Nike',      'F',      380.00, 190.00, 20,  5),
  (1,  'Camisa Cuadros Azul',      'Camisa casual manga larga',        'L',  'Azul',        'Tommy',     'M',      220.00, 110.00, 30,  8);

-- =========================================================
-- COMPRA (26 registros)
-- =========================================================
INSERT INTO compra (id_proveedor, id_empleado, fecha_compra, total, numero_factura, estado) VALUES
  ( 1,  1, '2026-02-10 10:00:00',  4200.00, 'FACT-2026-001', 'RECIBIDA'),
  ( 3,  1, '2026-02-12 11:30:00',  7400.00, 'FACT-2026-002', 'RECIBIDA'),
  ( 2,  9, '2026-02-15 09:15:00',  3500.00, 'FACT-2026-003', 'RECIBIDA'),
  ( 4,  6, '2026-02-18 14:20:00',  6200.00, 'FACT-2026-004', 'RECIBIDA'),
  ( 5, 20, '2026-02-20 10:45:00',  2800.00, 'FACT-2026-005', 'RECIBIDA'),
  ( 7,  1, '2026-02-22 16:00:00',  4900.00, 'FACT-2026-006', 'RECIBIDA'),
  ( 8,  9, '2026-02-25 11:10:00',  3300.00, 'FACT-2026-007', 'RECIBIDA'),
  ( 9,  6, '2026-02-28 09:30:00',  5400.00, 'FACT-2026-008', 'RECIBIDA'),
  (10, 20, '2026-03-02 10:00:00',  4100.00, 'FACT-2026-009', 'RECIBIDA'),
  ( 6,  1, '2026-03-05 15:45:00',  6800.00, 'FACT-2026-010', 'RECIBIDA'),
  (11,  9, '2026-03-08 13:20:00',  3900.00, 'FACT-2026-011', 'RECIBIDA'),
  (12,  6, '2026-03-10 11:00:00',  5200.00, 'FACT-2026-012', 'RECIBIDA'),
  (13, 20, '2026-03-12 16:30:00',  4700.00, 'FACT-2026-013', 'RECIBIDA'),
  (14,  1, '2026-03-15 10:20:00',  7100.00, 'FACT-2026-014', 'RECIBIDA'),
  (15,  9, '2026-03-18 14:00:00',  3600.00, 'FACT-2026-015', 'RECIBIDA'),
  (16,  6, '2026-03-20 09:45:00',  4400.00, 'FACT-2026-016', 'RECIBIDA'),
  (17, 20, '2026-03-22 11:30:00',  5800.00, 'FACT-2026-017', 'RECIBIDA'),
  (18,  1, '2026-03-25 15:00:00',  3200.00, 'FACT-2026-018', 'RECIBIDA'),
  (19,  9, '2026-03-28 10:10:00',  4600.00, 'FACT-2026-019', 'RECIBIDA'),
  (20,  6, '2026-03-30 13:30:00',  6000.00, 'FACT-2026-020', 'RECIBIDA'),
  (21, 20, '2026-04-02 09:00:00',  3700.00, 'FACT-2026-021', 'RECIBIDA'),
  (22,  1, '2026-04-05 14:45:00',  5100.00, 'FACT-2026-022', 'RECIBIDA'),
  (23,  9, '2026-04-08 10:30:00',  4300.00, 'FACT-2026-023', 'RECIBIDA'),
  (24,  6, '2026-04-10 11:15:00',  5500.00, 'FACT-2026-024', 'RECIBIDA'),
  (25, 20, '2026-04-12 15:20:00',  2900.00, 'FACT-2026-025', 'PENDIENTE'),
  (26,  1, '2026-04-15 10:00:00',  6300.00, 'FACT-2026-026', 'RECIBIDA');

-- =========================================================
-- DETALLE_COMPRA (30 registros, UNIQUE(id_compra, id_producto))
-- =========================================================
INSERT INTO detalle_compra (id_compra, id_producto, cantidad, precio_unitario) VALUES
  ( 1,  1, 30,  90.00),
  ( 1,  2, 20,  75.00),
  ( 2,  6, 15, 320.00),
  ( 2,  7, 10, 260.00),
  ( 3,  3, 20, 110.00),
  ( 3,  4, 15, 100.00),
  ( 4,  5, 10, 175.00),
  ( 4,  9, 20, 210.00),
  ( 5, 10, 15, 140.00),
  ( 6, 11, 12, 105.00),
  ( 6, 17, 15, 100.00),
  ( 7, 12, 20,  60.00),
  ( 8, 13, 25,  40.00),
  ( 8, 14, 30,  30.00),
  ( 9, 15, 10,  90.00),
  (10, 16, 20,  80.00),
  (11, 18, 10, 140.00),
  (12, 19, 40,  25.00),
  (13, 20, 25, 100.00),
  (14, 21, 15, 325.00),
  (15, 22, 25,  55.00),
  (16, 23, 18, 125.00),
  (17, 24, 20, 160.00),
  (18, 25, 20,  85.00),
  (19, 26, 10, 220.00),
  (20, 27, 30,  55.00),
  (21, 28, 20,  70.00),
  (22, 29, 15, 190.00),
  (23, 30, 20, 110.00),
  (24,  8, 30,  70.00);

-- =========================================================
-- VENTA (28 registros)
-- =========================================================
INSERT INTO venta (id_cliente, id_empleado, fecha_venta, total, metodo_pago, estado) VALUES
  ( 1,  2, '2026-03-15 14:25:00',  400.00, 'EFECTIVO',      'PAGADA'),
  ( 2,  3, '2026-03-18 16:10:00', 1350.00, 'TARJETA',       'PAGADA'),
  ( 3,  2, '2026-04-02 10:45:00',  500.00, 'QR',            'PAGADA'),
  ( 4,  5, '2026-03-20 11:30:00',  220.00, 'EFECTIVO',      'PAGADA'),
  ( 5,  8, '2026-03-22 15:40:00',  830.00, 'TARJETA',       'PAGADA'),
  ( 6, 11, '2026-03-25 09:20:00',  280.00, 'QR',            'PAGADA'),
  ( 7, 14, '2026-03-26 17:15:00',  540.00, 'EFECTIVO',      'PAGADA'),
  ( 8, 16, '2026-03-28 12:00:00', 1200.00, 'TARJETA',       'PAGADA'),
  ( 9, 17, '2026-03-30 13:45:00',  320.00, 'TRANSFERENCIA', 'PAGADA'),
  (10,  2, '2026-04-01 10:30:00',  650.00, 'EFECTIVO',      'PAGADA'),
  (11,  3, '2026-04-02 14:00:00',  180.00, 'EFECTIVO',      'PAGADA'),
  (12,  5, '2026-04-03 15:20:00',  750.00, 'TARJETA',       'PAGADA'),
  (13,  8, '2026-04-04 11:10:00',  450.00, 'QR',            'PAGADA'),
  (14, 11, '2026-04-05 16:30:00',  890.00, 'EFECTIVO',      'PAGADA'),
  (15, 14, '2026-04-06 09:45:00',  380.00, 'TARJETA',       'PAGADA'),
  (16, 16, '2026-04-07 12:15:00',  720.00, 'QR',            'PAGADA'),
  (17, 17, '2026-04-08 17:00:00',  160.00, 'EFECTIVO',      'PAGADA'),
  (18,  2, '2026-04-10 10:00:00', 1080.00, 'TARJETA',       'PAGADA'),
  (19,  3, '2026-04-11 14:30:00',  510.00, 'TRANSFERENCIA', 'PAGADA'),
  (20,  5, '2026-04-12 13:15:00',  980.00, 'EFECTIVO',      'PAGADA'),
  (21,  8, '2026-04-13 11:40:00',  330.00, 'QR',            'PAGADA'),
  (22, 11, '2026-04-14 15:50:00',  460.00, 'TARJETA',       'PAGADA'),
  (23, 14, '2026-04-15 09:30:00',  270.00, 'EFECTIVO',      'PAGADA'),
  (24, 16, '2026-04-16 12:25:00',  820.00, 'TARJETA',       'PAGADA'),
  (25, 17, '2026-04-17 16:45:00',  130.00, 'EFECTIVO',      'ANULADA'),
  (26,  2, '2026-04-18 10:15:00',  600.00, 'QR',            'PAGADA'),
  (27,  3, '2026-04-19 14:00:00',  240.00, 'EFECTIVO',      'PAGADA'),
  (28,  5, '2026-04-20 11:05:00',  700.00, 'TARJETA',       'PAGADA');

-- =========================================================
-- DETALLE_VENTA (32 registros, UNIQUE(id_venta, id_producto))
-- =========================================================
INSERT INTO detalle_venta (id_venta, id_producto, cantidad, precio_unitario) VALUES
  ( 1,  1, 1, 180.00),
  ( 1,  3, 1, 220.00),
  ( 2,  6, 2, 600.00),
  ( 2,  8, 1, 150.00),
  ( 3,  5, 1, 350.00),
  ( 3,  8, 1, 150.00),
  ( 4,  3, 1, 220.00),
  ( 5,  9, 1, 420.00),
  ( 5,  4, 1, 200.00),
  ( 5, 14, 1,  75.00),
  ( 5, 13, 1,  95.00),
  ( 6, 10, 1, 280.00),
  ( 7,  7, 1, 480.00),
  ( 7,  2, 1,  55.00),
  ( 8, 17, 1, 750.00),
  ( 8, 24, 1, 250.00),
  ( 8, 19, 1, 200.00),
  ( 9, 11, 1, 210.00),
  ( 9, 16, 2,  55.00),
  (10, 23, 1, 450.00),
  (10, 19, 1, 200.00),
  (11, 20, 1, 110.00),
  (12, 21, 1, 650.00),
  (13, 22, 2, 180.00),
  (13, 14, 1,  75.00),
  (14, 24, 1, 320.00),
  (14, 25, 1, 180.00),
  (14, 27, 1, 390.00),
  (15, 26, 1, 380.00),
  (16, 29, 1, 380.00),
  (16,  1, 1, 180.00),
  (16, 30, 1, 220.00);

-- =========================================================
-- MOVIMIENTO_INVENTARIO (28 registros)
-- =========================================================
INSERT INTO movimiento_inventario (id_producto, tipo, cantidad, fecha, motivo, referencia_doc) VALUES
  ( 1, 'ENTRADA',    30, '2026-02-10 10:05:00', 'Recepcion de compra',       'COMPRA-1'),
  ( 2, 'ENTRADA',    20, '2026-02-10 10:10:00', 'Recepcion de compra',       'COMPRA-1'),
  ( 6, 'ENTRADA',    15, '2026-02-12 11:35:00', 'Recepcion de compra',       'COMPRA-2'),
  ( 7, 'ENTRADA',    10, '2026-02-12 11:40:00', 'Recepcion de compra',       'COMPRA-2'),
  ( 3, 'ENTRADA',    20, '2026-02-15 09:20:00', 'Recepcion de compra',       'COMPRA-3'),
  ( 4, 'ENTRADA',    15, '2026-02-15 09:25:00', 'Recepcion de compra',       'COMPRA-3'),
  ( 5, 'ENTRADA',    10, '2026-02-18 14:25:00', 'Recepcion de compra',       'COMPRA-4'),
  ( 9, 'ENTRADA',    20, '2026-02-18 14:30:00', 'Recepcion de compra',       'COMPRA-4'),
  (10, 'ENTRADA',    15, '2026-02-20 10:50:00', 'Recepcion de compra',       'COMPRA-5'),
  ( 1, 'SALIDA',     -1, '2026-03-15 14:25:00', 'Venta a cliente',           'VENTA-1'),
  ( 3, 'SALIDA',     -1, '2026-03-15 14:26:00', 'Venta a cliente',           'VENTA-1'),
  ( 6, 'SALIDA',     -2, '2026-03-18 16:10:00', 'Venta a cliente',           'VENTA-2'),
  ( 8, 'SALIDA',     -1, '2026-03-18 16:11:00', 'Venta a cliente',           'VENTA-2'),
  ( 5, 'SALIDA',     -1, '2026-04-02 10:45:00', 'Venta a cliente',           'VENTA-3'),
  ( 3, 'AJUSTE',     -2, '2026-03-30 17:00:00', 'Ajuste por conteo fisico',  'AJ-001'),
  ( 5, 'MERMA',      -1, '2026-04-05 09:15:00', 'Dano en exhibicion',        'MER-001'),
  (11, 'ENTRADA',    12, '2026-02-22 16:05:00', 'Recepcion de compra',       'COMPRA-6'),
  (17, 'ENTRADA',    15, '2026-02-22 16:10:00', 'Recepcion de compra',       'COMPRA-6'),
  (12, 'ENTRADA',    20, '2026-02-25 11:15:00', 'Recepcion de compra',       'COMPRA-7'),
  (13, 'ENTRADA',    25, '2026-02-28 09:35:00', 'Recepcion de compra',       'COMPRA-8'),
  (14, 'ENTRADA',    30, '2026-02-28 09:40:00', 'Recepcion de compra',       'COMPRA-8'),
  (15, 'ENTRADA',    10, '2026-03-02 10:05:00', 'Recepcion de compra',       'COMPRA-9'),
  (16, 'ENTRADA',    20, '2026-03-05 15:50:00', 'Recepcion de compra',       'COMPRA-10'),
  ( 9, 'SALIDA',     -1, '2026-03-22 15:40:00', 'Venta a cliente',           'VENTA-5'),
  ( 4, 'SALIDA',     -1, '2026-03-22 15:41:00', 'Venta a cliente',           'VENTA-5'),
  (10, 'SALIDA',     -1, '2026-03-25 09:20:00', 'Venta a cliente',           'VENTA-6'),
  (23, 'DEVOLUCION',  1, '2026-04-17 16:50:00', 'Devolucion por cliente',    'VENTA-25'),
  ( 2, 'AJUSTE',      5, '2026-04-01 08:00:00', 'Ajuste positivo por conteo','AJ-002');
